time,motor_angle,motor_setpoint,pendulum_angle,pendulum_setpoint,rpm,voltage,current
2.51,0.0,250,0.0,0,0,0,0
2.532,0.0,250,0.0,0,0,5.0507775962352754,0
2.548,0.0,250,0.0,0,0,5.051251804828643,0
2.559,34.1,250,0.0,0,537,5.0516007244586945,68
2.588,74.0,250,0.0,0,711,-1.8115685299391742,46
2.603,217.96,250,0.0,0,951,-4.611953594697477,22
2.628,283.0,250,0.0,0,358,-10.25373276665163,87
2.642,271.05,250,0.0,0,-407,-4.728578901912212,71
2.659,203.37,250,0.0,0,-1150,4.3163045238707065,144
2.682,105.64,250,0.0,0,-1139,14.222661492921828,4
2.709,38.32,250,0.0,0,30,16.05100215838051,108
2.731,219.02,250,0.0,0,1977,3.9415940164089203,158
2.75,546.5,250,0.0,0,2808,-22.08425819694853,84
2.776,862.73,250,0.0,0,1882,-24,89
2.797,893.84,250,0.0,0,-1068,-24,299
2.812,622.0799999999999,250,0.0,0,-2464,-0.5330493197417263,126
2.843,402.18,250,0.0,0,-2863,20.970799894821646,80
2.86,56.07,250,0.0,0,-1172,24,103
2.877,60.11,250,0.0,0,1044,17.418633179606438,301
2.899,228.69,250,0.0,0,2156,-8.170199825315239,165
2.916,570.41,250,0.0,0,2886,-24,76
2.934,752.16,250,0.0,0,684,-24,309
2.951,755.85,250,0.0,0,-477,-17.868693265166044,371
2.972,530.5,250,0.0,0,-2263,-4.579130353271962,150
2.996,237.48,250,0.0,0,-2863,20.48589903952694,81
3.014,-89.64,250,0.0,0,-2008,24,83
3.032,-140.27,250,0.0,0,896,24,321
3.051,8.43,250,0.0,0,2043,-2.4606090971205252,177
3.059,352.26,250,0.0,0,2859,-18.637337937126635,77
3.08,474.78,250,0.0,0,2024,-24,310
3.093,539.12,250,0.0,0,646,-24,517
3.108,424.86,250,0.0,0,-1802,-13.171248719385625,208
3.122,253.3,250,0.0,0,-2437,17.29264973617506,129
3.141,6.32,250,0.0,0,-2687,24,42
3.154,-113.55,250,0.0,0,166,24,398
3.169,-31.28,250,0.0,0,1558,5.408106742440224,236
3.189,90.87,250,0.0,0,2176,-12.260181027663233,160
3.203,352.08,250,0.0,0,1815,-21.816645038229943,41
3.22,425.21,250,0.0,0,101,-22.885485580657004,341
3.232,395.15,250,0.0,0,-996,-4.61856576721096,315
3.247,174.9,250,0.0,0,-2321,8.610013316268208,142
3.268,13.88,250,0.0,0,-1973,24,76
3.291,-90.7,250,0.0,0,-119,24,240
3.302,43.59,250,0.0,0,1869,8.23322981400895,199
3.327,256.64,250,0.0,0,2555,-17.336170891127587,114
3.34,532.79,250,0.0,0,2378,-24,23
3.354,623.8399999999999,250,0.0,0,-539,-24,363
3.381,532.61,250,0.0,0,-1659,-1.2238318217658977,225
3.391,140.44,250,0.0,0,-2815,13.49252167182517,83
3.406,2.81,250,0.0,0,-2180,24,211
3.42,-76.64,250,0.0,0,-739,24,461
3.437,-22.5,250,0.0,0,1395,15.088435866354942,254
3.468,169.45,250,0.0,0,2340,-10.558320765507222,139
3.481,608.02,250,0.0,0,3010,-24,53
3.496,784.16,250,0.0,0,549,-24,358
3.51,754.8,250,0.0,0,-1080,-16.954295717295643,294
3.539,578.84,250,0.0,0,-2193,2.383317775692939,162
3.555,242.22,250,0.0,0,-2889,18.713471954021454,77
3.575,6.85,250,0.0,0,-1183,24,201
3.597,20.56,250,0.0,0,1168,18.52771162460804,284
3.613,326.95,250,0.0,0,2562,-8.808459038386346,111
3.631,544.5699999999999,250,0.0,0,2913,-24,70
3.648,719.8199999999999,250,0.0,0,764,-24,336
3.666,692.9200000000001,250,0.0,0,-1127,-18.144742602635382,288
3.673,429.25,250,0.0,0,-2460,4.15997941172695,127
3.688,338.37,250,0.0,0,-2655,24,102
3.704,230.27,250,0.0,0,-1809,24,326
3.724,194.94,250,0.0,0,912,21.263208516282084,313
3.739,342.24,250,0.0,0,2046,-9.351523180740356,174
3.756,639.14,250,0.0,0,2785,-24,83
3.777,800.6800000000001,250,0.0,0,679,-24,341
3.794,759.55,250,0.0,0,-1257,-18.78611353669787,275
3.808,533.14,250,0.0,0,-2396,4.320773702748538,133
3.817,247.85,250,0.0,0,-2904,21.959691352329493,74
3.833,138.16,250,0.0,0,-2069,24,367
3.848,63.1,250,0.0,0,66,24,408
3.862,135.17,250,0.0,0,1466,3.020864108968973,248
3.879,310.07,250,0.0,0,2304,-14.535771691104653,144
3.896,534.37,250,0.0,0,1611,-24,88
3.911,578.49,250,0.0,0,-526,-24,341
3.923,454.92,250,0.0,0,-1847,-0.4732930101060875,201
3.944,307.79,250,0.0,0,-2401,17.203808768783567,134
3.952,88.06,250,0.0,0,-1341,24,126
3.96,51.32,250,0.0,0,-131,18.716495445627213,429
3.985,76.46,250,0.0,0,917,5.523245027765274,308
4.004,237.48,250,0.0,0,2099,-7.042719636265279,167
4.025,499.57,250,0.0,0,1769,-23.869097846407413,34
4.047,598.88,250,0.0,0,-39,-24,178
4.061,531.03,250,0.0,0,-1422,-6.48787151280427,253
4.072,283.0,250,0.0,0,-2489,10.788447899504902,122
4.093,78.57,250,0.0,0,-2225,24,50
4.112,-32.16,250,0.0,0,-169,24,314
4.125,101.07,250,0.0,0,1867,7.629751007334232,196
4.139,270.0,250,0.0,0,2461,-18.47105156103373,125
4.158,444.9,250,0.0,0,2310,-24,31
4.174,519.08,250,0.0,0,-829,-24,326
4.186,438.04,250,0.0,0,-1667,4.201567705370903,224
4.199,228.33,250,0.0,0,-2485,15.468359697134971,126
4.21,94.04,250,0.0,0,-1357,24,275
4.23,58.0,250,0.0,0,60,18.780211781270506,432
4.24,198.98,250,0.0,0,1909,3.190231936116695,191
4.253,354.72,250,0.0,0,2446,-20.913150944734575,126
4.265,498.51,250,0.0,0,1979,-24,133
4.278,570.58,250,0.0,0,82,-24,428
4.292,535.6,250,0.0,0,-1066,-7.315394503278734,298
4.305,349.62,250,0.0,0,-2225,6.598376447275161,154
4.317,206.01,250,0.0,0,-2110,23.659105933315754,27
4.328,104.23,250,0.0,0,-957,24,293
4.34,97.2,250,0.0,0,649,13.971195828365804,344
4.353,178.76,250,0.0,0,1628,-4.374717382709026,234
4.363,326.95,250,0.0,0,2187,-17.275086648842333,117
4.374,442.61,250,0.0,0,1166,-24,258
4.384,467.75,250,0.0,0,-262,-17.23429330367041,387
4.395,419.58,250,0.0,0,-1251,-1.2995813475313192,274
4.413,323.26,250,0.0,0,-1927,11.047943284732819,191
4.423,170.15,250,0.0,0,-1318,20.755676721179963,102
4.431,125.15,250,0.0,0,-101,16.807749626661778,308
4.441,146.42,250,0.0,0,846,3.698962430959463,319
4.453,214.62,250,0.0,0,1594,-7.627230274640798,232
4.464,323.78,250,0.0,0,1405,-17.6014193544004,44
4.476,386.36,250,0.0,0,277,-17.609121497722867,241
4.492,373.18,250,0.0,0,-720,-5.8764771828844555,338
4.506,212.51,250,0.0,0,-2053,5.863368120933295,177
4.517,65.39,250,0.0,0,-1884,24,36
4.527,-41.48,250,0.0,0,-590,24,227
4.535,-45.87,250,0.0,0,316,12.660650493236542,382
4.554,3.51,250,0.0,0,1278,2.319807697555065,267
4.562,171.73,250,0.0,0,1995,-9.741004564859153,104
4.57,280.54,250,0.0,0,1619,-21.358721160554648,110
4.585,338.73,250,0.0,0,624,-19.206809601705793,356
4.597,342.77,250,0.0,0,-369,-8.917306563647033,378
4.609,223.94,250,0.0,0,-1805,2.4322050098311907,207
4.623,83.49,250,0.0,0,-1914,21.338629643308877,20
4.647,-16.34,250,0.0,0,-1157,24,200
4.662,31.81,250,0.0,0,1489,18.685960533739326,244
4.675,223.41,250,0.0,0,2366,-12.734839814318418,138
4.69,445.78,250,0.0,0,2806,-24,82
4.705,593.61,250,0.0,0,304,-24,385
4.713,525.05,250,0.0,0,-1431,-10.330997882241965,250
4.725,465.29,250,0.0,0,-1838,11.01156724453354,201
4.74,370.19,250,0.0,0,-1979,16.89144274745512,44
4.75,278.08,250,0.0,0,-99,20.41632546212983,303
4.763,335.39,250,0.0,0,1328,0.6178173868429664,262
4.775,437.34000000000003,250,0.0,0,1984,-16.954682069658517,178
4.791,579.19,250,0.0,0,1340,-24,121
4.8,600.8199999999999,250,0.0,0,-736,-21.969524694154025,337
4.808,550.72,250,0.0,0,-1393,1.4944326190464512,255
4.826,462.48,250,0.0,0,-1958,10.058919053313492,187
4.846,378.8,250,0.0,0,-1419,18.327029093962906,210
4.865,357.89,250,0.0,0,817,13.795898916041613,173
4.897,509.40999999999997,250,0.0,0,2029,-11.524702515397548,176
4.911,933.5699999999999,250,0.0,0,2730,-24,50
4.926,1084.92,250,0.0,0,108,-24,318
4.943,1023.9200000000001,250,0.0,0,-1355,-17.906903025842194,261
4.962,795.23,250,0.0,0,-2431,0.15206460162973184,132
4.984,559.33,250,0.0,0,-2858,17.11082840085268,80
5.002,314.82,250,0.0,0,-1429,24,172
5.032,314.82,250,0.0,0,1138,15.18414804865694,286
5.05,624.02,250,0.0,0,2569,-14.364790178592205,112
5.062,1067.34,250,0.0,0,3104,-24,45
5.075,1203.22,250,0.0,0,1107,-24,535
5.102,1219.92,250,0.0,0,-517,-24,361
5.118,1000.72,250,0.0,0,-2243,-13.42161220143366,152
5.136,711.56,250,0.0,0,-2854,10.829097362790584,77
5.162,425.39,250,0.0,0,-2970,23.644592294478898,21
5.173,252.07,250,0.0,0,375,24,250
5.183,336.26,250,0.0,0,1578,-4.334996624568223,231
5.194,400.42,250,0.0,0,1948,-19.86664175032735,187
5.208,516.97,250,0.0,0,836,-24,215
5.219,523.3,250,0.0,0,-569,-14.940177243863346,356
5.238,420.29,250,0.0,0,-1734,1.1058486861264711,215
5.258,203.2,250,0.0,0,-2486,16.575989724884753,113
5.271,9.66,250,0.0,0,-1241,24,175
5.287,-3.16,250,0.0,0,805,19.114102353609802,323
5.316,103.53,250,0.0,0,1815,-4.180573486657382,202
5.325,302.51,250,0.0,0,2510,-17.940116500089406,118
5.343,517.67,250,0.0,0,386,-24,155
5.357,486.73,250,0.0,0,-1062,-9.774235277917622,297
5.374,341.54,250,0.0,0,-2068,7.512135937018155,172
5.39,142.03,250,0.0,0,-2169,21.995864770101786,14
5.402,9.14,250,0.0,0,-228,24,227
5.415,49.39,250,0.0,0,1150,7.464168975564957,284
5.431,169.8,250,0.0,0,1993,-9.202807111041546,180
5.46,294.6,250,0.0,0,1932,-21.31462772105265,21
5.474,374.94,250,0.0,0,-597,-23.108572674774646,179
5.485,234.31,250,0.0,0,-1933,4.395771395093918,187
5.504,69.08,250,0.0,0,-2482,22.58708779547858,124
5.513,-115.13,250,0.0,0,-775,24,206
5.521,-125.85,250,0.0,0,304,16.246749528949973,383
5.534,-88.24,250,0.0,0,1140,4.0411164126997,284
5.552,-15.29,250,0.0,0,1743,-6.333871825551034,210
5.567,165.05,250,0.0,0,1451,-14.733447725304842,41
5.583,243.63,250,0.0,0,74,-14.978908321692705,174
5.595,180.0,250,0.0,0,-1345,-0.6998518048977852,244
5.607,65.91,250,0.0,0,-2023,16.90693419619703,170
5.619,-50.44,250,0.0,0,-1504,24,139
5.64,-87.36,250,0.0,0,535,23.34665557695675,357
5.654,37.26,250,0.0,0,1852,0.6148014571790699,196
5.669,274.92,250,0.0,0,2605,-17.0373316529398,107
5.691,407.63,250,0.0,0,1970,-24,196
5.702,442.61,250,0.0,0,-1087,-24,293
5.714,285.99,250,0.0,0,-2119,8.685927780397417,167
5.734,153.28,250,0.0,0,-2513,23.697636813477043,116
5.752,-0.52,250,0.0,0,-314,24,271
5.765,36.56,250,0.0,0,1118,8.651111320272923,283
5.775,223.94,250,0.0,0,2237,-8.57396317694998,153
5.796,387.07,250,0.0,0,2180,-24,16
5.808,509.40999999999997,250,0.0,0,281,-24,266
5.821,461.6,250,0.0,0,-1246,-8.39687717613268,272
5.835,345.93,250,0.0,0,-2007,10.136365902091503,180
5.849,197.05,250,0.0,0,-2004,21.209492937470674,3
5.862,98.43,250,0.0,0,69,24,275
5.875,129.19,250,0.0,0,1008,2.262932665111542,301
5.886,236.6,250,0.0,0,1879,-9.16095138491726,195
5.898,356.83,250,0.0,0,1479,-21.33521898524952,94
5.908,420.29,250,0.0,0,124,-19.135557872012853,259
5.921,392.34000000000003,250,0.0,0,-965,-4.807523121250154,306
5.936,318.86,250,0.0,0,-1667,8.286770782288551,221
5.951,189.66,250,0.0,0,-1523,17.836971125305173,33
5.965,121.99,250,0.0,0,216,18.76347630521679,194
5.977,177.18,250,0.0,0,1311,0.09941620268821727,263
5.987,296.71,250,0.0,0,2052,-13.608852775894642,173
6.004,411.5,250,0.0,0,1440,-24,162
6.012,439.45,250,0.0,0,-737,-19.78044425872469,286
6.016,397.44,250,0.0,0,-1317,4.719844674460174,265
6.02,323.61,250,0.0,0,-1835,12.236360517750501,199
6.028,281.42,250,0.0,0,-1502,19.675630011299134,304
6.039,250.48,250,0.0,0,-927,16.686235838535787,445
6.052,243.28,250,0.0,0,604,10.686210362198354,347
6.062,302.87,250,0.0,0,1436,-6.793122335982799,248
6.08,420.46,250,0.0,0,1785,-17.562142591827634,77
6.09,522.77,250,0.0,0,293,-23.931577432692766,219
6.099,484.8,250,0.0,0,-1136,-8.80361372384739,287
6.114,402.53,250,0.0,0,-1801,8.404817432972909,207
6.126,311.48,250,0.0,0,-1870,17.70480355273104,21
6.137,213.39,250,0.0,0,-268,20.319982660908224,255
6.15,245.56,250,0.0,0,1046,3.841197267381907,295
6.164,353.49,250,0.0,0,1892,-11.92765096082473,193
6.18,467.05,250,0.0,0,1656,-23.824732927953722,65
6.193,510.11,250,0.0,0,-723,-23.37961902075386,239
6.206,438.22,250,0.0,0,-1565,3.1434858020277012,234
6.221,305.85,250,0.0,0,-2213,14.273321945423126,156
6.235,149.23,250,0.0,0,-946,24,192
6.246,141.5,250,0.0,0,635,12.927843791499853,312
6.259,231.5,250,0.0,0,1671,-5.116338685322047,221
6.285,365.09,250,0.0,0,2101,-18.841706915279627,99
6.3,508.71000000000004,250,0.0,0,535,-24,200
6.311,432.42,250,0.0,0,-1542,-11.310060700922252,235
6.338,283.71,250,0.0,0,-2251,14.123867415292978,150
6.352,15.99,250,0.0,0,-2438,24,25
6.364,-89.64,250,0.0,0,385,24,337
6.381,18.45,250,0.0,0,1738,2.3840530319755078,215
6.39,180.52,250,0.0,0,2385,-15.351784109070302,133
6.402,327.48,250,0.0,0,1840,-24,135
6.413,389.17,250,0.0,0,327,-22.706529117570405,462
6.433,341.89,250,0.0,0,-1237,-6.5243809115860465,272
6.448,179.64,250,0.0,0,-2187,12.424249073111058,159
6.458,-42.36,250,0.0,0,-1977,24,27
6.474,-119.17,250,0.0,0,-552,24,405
6.483,-78.39,250,0.0,0,1218,13.761402117532015,272
6.491,2.46,250,0.0,0,1825,-7.428432615994454,200
6.499,96.67,250,0.0,0,2144,-16.03241573551893,117
6.517,179.64,250,0.0,0,1227,-21.588379231549503,352
6.528,185.97,250,0.0,0,-896,-12.692121975622417,313
6.536,105.46,250,0.0,0,-1690,11.619207896026612,217
6.555,-19.68,250,0.0,0,-2075,22.36925666156626,96
6.566,-116.71,250,0.0,0,-208,24,336
6.577,-69.6,250,0.0,0,1215,9.754263161269426,272
6.589,18.1,250,0.0,0,1864,-7.5677382965915205,197
6.607,203.37,250,0.0,0,2037,-16.792052610362294,29
6.623,308.49,250,0.0,0,663,-22.488757406517507,287
6.636,263.49,250,0.0,0,-1298,-8.775107375492572,266
6.653,149.58,250,0.0,0,-2022,14.69794612801695,177
6.671,-43.94,250,0.0,0,-2038,24,1
6.685,-113.02,250,0.0,0,608,24,327
6.708,-9.14,250,0.0,0,1750,0.28935045613479543,209
6.719,255.58,250,0.0,0,2626,-14.933241341261862,106
6.73,447.36,250,0.0,0,1669,-24,169
6.75,501.66999999999996,250,0.0,0,-59,-23.131094357810973,398
6.768,388.3,250,0.0,0,-1743,-4.326741197064638,213
6.781,199.33,250,0.0,0,-2450,17.324947726462604,128
6.796,12.83,250,0.0,0,-1991,24,87
6.806,-53.08,250,0.0,0,498,24,359
6.814,29.88,250,0.0,0,1594,0.35708626258015536,229
6.823,91.93,250,0.0,0,1947,-13.917993113631965,186
6.831,181.23,250,0.0,0,1535,-19.222249632879258,154
6.849,228.16,250,0.0,0,406,-16.26560074055076,430
6.86,152.22,250,0.0,0,-1507,-4.2082578016049865,237
6.872,33.22,250,0.0,0,-2132,19.33118342124057,163
6.892,-87.36,250,0.0,0,-1867,24,76
6.906,-147.48,250,0.0,0,462,24,363
6.917,-13.71,250,0.0,0,1885,2.661485449573278,192
6.936,153.98,250,0.0,0,2464,-16.393725198675156,122
6.946,343.65,250,0.0,0,1787,-24,120
6.959,401.83,250,0.0,0,-296,-22.412786398851875,383
6.971,339.08,250,0.0,0,-1396,0.4008444473128322,253
6.984,225.35,250,0.0,0,-2061,14.31782858161974,175
6.999,81.73,250,0.0,0,-1223,24,155
7.007,54.49,250,0.0,0,433,17.473676443149092,338
7.015,98.43,250,0.0,0,1226,-1.0435825821833613,282
7.03,173.49,250,0.0,0,1802,-11.0504701258626,203
7.05,260.85,250,0.0,0,1256,-19.18186025116706,179
7.062,272.81,250,0.0,0,-821,-14.644071513678314,202
7.081,158.9,250,0.0,0,-1852,9.025043408889054,198
7.095,-92.1,250,0.0,0,-2561,23.171239417531726,93
7.105,-220.6,250,0.0,0,-1002,24,363
7.132,-226.23,250,0.0,0,717,20.978180477178334,334
7.146,-4.74,250,0.0,0,2265,1.3043696483113778,147
7.159,245.39,250,0.0,0,2795,-20.944125555632354,85
7.181,424.15999999999997,250,0.0,0,1992,-24,179
7.196,475.48,250,0.0,0,-863,-24,315
7.209,326.42,250,0.0,0,-2023,5.457204046550274,177
7.227,146.42,250,0.0,0,-2568,21.791064243142127,112
7.238,-26.71,250,0.0,0,-852,24,246
7.249,-26.19,250,0.0,0,750,15.374746513510226,328
7.261,43.76,250,0.0,0,1561,-3.075971567811966,232
7.279,219.19,250,0.0,0,2342,-13.810124735853195,140
7.291,363.69,250,0.0,0,1222,-24,226
7.305,386.89,250,0.0,0,-581,-16.306551762889384,309
7.325,330.11,250,0.0,0,-1398,3.9835620886456975,252
7.336,86.83,250,0.0,0,-2460,14.5235049182868,124
7.347,-70.83,250,0.0,0,-1144,24,238
7.364,-98.78,250,0.0,0,66,19.619058217635157,380
7.379,-7.03,250,0.0,0,1604,6.250377464618206,226
7.392,188.78,250,0.0,0,2417,-13.288154834483626,129
7.405,357.18,250,0.0,0,2187,-24,51
7.42,449.47,250,0.0,0,424,-24,414
7.433,393.92,250,0.0,0,-1326,-8.83560109688282,258
7.441,225.0,250,0.0,0,-2239,12.419506067551612,154
7.459,141.32,250,0.0,0,-2224,24,17
7.481,61.69,250,0.0,0,-1003,24,455
7.499,159.25,250,0.0,0,1770,15.34667776178527,204
7.511,442.79,250,0.0,0,2661,-18.524343242912295,100
7.525,694.51,250,0.0,0,2989,-24,58
7.537,818.26,250,0.0,0,1120,-24,580
7.557,830.21,250,0.0,0,-655,-24,340
7.57,654.96,250,0.0,0,-2091,-4.032006287252426,167
7.585,487.08,250,0.0,0,-2571,16.00226314842415,112
7.608,306.73,250,0.0,0,-2065,24,108
7.618,261.21,250,0.0,0,1037,22.66705664692569,294
7.635,392.15999999999997,250,0.0,0,1998,-12.129676638967513,181
7.658,537.1800000000001,250,0.0,0,2468,-24,123
7.679,659.88,250,0.0,0,-302,-24,293
7.695,478.82,250,0.0,0,-2088,-4.691573195971966,172
7.712,171.91,250,0.0,0,-2808,19.487929653460025,82
7.724,-68.02,250,0.0,0,-2183,24,98
7.739,-154.86,250,0.0,0,-215,24,435
7.752,-114.6,250,0.0,0,1133,10.602514693397284,283
7.76,75.05,250,0.0,0,2248,-5.7190017040007115,151
7.77,162.07,250,0.0,0,2293,-22.34662435574341,19
7.777,258.75,250,0.0,0,1400,-24,331
7.797,296.89,250,0.0,0,217,-16.25923157677269,437
7.812,239.94,250,0.0,0,-1318,-3.4046214455738064,263
7.831,11.07,250,0.0,0,-2406,15.403777637405396,131
7.845,-232.91,250,0.0,0,-1702,24,84
7.856,-289.33,250,0.0,0,55,24,410
7.864,-233.78,250,0.0,0,1301,10.186195581857918,263
7.876,-154.33,250,0.0,0,1860,-5.2670748516180526,196
7.899,-61.87,250,0.0,0,1974,-13.290238632944822,39
7.914,66.62,250,0.0,0,518,-16.45085067471814,201
7.925,-10.89,250,0.0,0,-1421,-2.260432949477911,192
7.945,-123.92,250,0.0,0,-2064,21.60998746290016,175
7.953,-339.25,250,0.0,0,-1348,24,77
7.962,-375.99,250,0.0,0,-234,24,443
7.97,-358.94,250,0.0,0,774,15.25000789138031,323
7.993,-304.8,250,0.0,0,1448,3.3068937908434877,246
8.003,-85.42,250,0.0,0,2408,-5.533376813284397,126
8.019,100.19,250,0.0,0,1841,-20.971235500962734,103
8.034,198.45,250,0.0,0,718,-18.156458868768457,231
8.048,183.51,250,0.0,0,-933,-7.194718131963969,308
8.068,33.04,250,0.0,0,-2049,12.108842083773137,172
8.086,-191.07,250,0.0,0,-1914,24,21
8.104,-270.87,250,0.0,0,180,24,301
8.13,-172.61,250,0.0,0,1654,8.386971274178029,220
8.143,173.84,250,0.0,0,2734,-10.544473312223912,90
8.155,403.94,250,0.0,0,2540,-24,31
8.17,526.81,250,0.0,0,839,-24,389
8.184,482.51,250,0.0,0,-1335,-15.151943081996917,261
8.197,384.25,250,0.0,0,-1962,10.758643470751048,186
8.21,197.75,250,0.0,0,-2539,19.94107769882274,113
8.228,87.18,250,0.0,0,-1079,24,420
8.236,110.03,250,0.0,0,1199,15.71857368597436,273
8.244,190.54,250,0.0,0,1820,-10.960372289410113,201
8.253,298.65,250,0.0,0,2259,-19.718861954163394,148
8.273,383.55,250,0.0,0,1101,-24,431
8.29,364.57,250,0.0,0,-1173,-15.302938636511405,279
8.315,237.3,250,0.0,0,-2022,11.252438198378963,179
8.329,-136.4,250,0.0,0,-2870,23.570703818907663,77
8.343,-297.77,250,0.0,0,-480,24,361
8.364,-278.78,250,0.0,0,899,16.523585503904503,310
8.376,-52.73,250,0.0,0,2306,0.2711224998666442,142
8.387,182.63,250,0.0,0,2796,-20.445521145951588,83
8.406,329.58,250,0.0,0,2057,-24,216
8.425,399.02,250,0.0,0,-531,-24,355
8.435,277.73,250,0.0,0,-1829,3.17584038970558,200
8.446,89.64,250,0.0,0,-2486,20.542890494448347,121
8.461,-42.53,250,0.0,0,-1506,24,259
8.47,-70.66,250,0.0,0,760,23.23062604315154,326
8.478,-28.47,250,0.0,0,1327,-2.290443302183945,257
8.486,48.86,250,0.0,0,1860,-9.660757223646959,196
8.505,128.49,250,0.0,0,1318,-17.342559342491946,215
8.527,177.71,250,0.0,0,114,-12.695954189460595,298
8.547,63.98,250,0.0,0,-1738,0.17907040179363976,212
8.56,-292.67,250,0.0,0,-2446,23.772395623469038,54
8.575,-446.65999999999997,250,0.0,0,-1567,24,187
8.601,-495.7,250,0.0,0,-81,24,412
8.613,-324.66,250,0.0,0,2023,15.895905270494147,177
8.624,-83.49,250,0.0,0,2675,-11.743403155576546,93
8.644,100.01,250,0.0,0,2933,-24,65
8.661,270.0,250,0.0,0,132,-24,324
8.672,219.19,250,0.0,0,-1252,-1.868599382268746,271
8.688,58.53,250,0.0,0,-2180,15.078858518762512,162
8.7,-120.76,250,0.0,0,-1501,24,106
8.711,-166.81,250,0.0,0,62,24,394
8.722,-127.79,250,0.0,0,1113,7.6745783526491325,284
8.741,-27.77,250,0.0,0,1875,-5.203391637012321,192
8.753,189.66,250,0.0,0,1843,-15.974700932433446,6
8.768,278.96,250,0.0,0,913,-19.954876615998586,246
8.791,286.52,250,0.0,0,-604,-11.035695843739827,344
8.802,58.35,250,0.0,0,-2265,6.275214441085499,152
8.818,-156.26,250,0.0,0,-2397,24,24
8.841,-267.89,250,0.0,0,-1295,24,322
8.851,-253.12,250,0.0,0,1230,24,269
8.864,-71.54,250,0.0,0,2249,-4.040579326668103,149
8.887,87.18,250,0.0,0,2640,-19.40137159245666,102
8.895,305.85,250,0.0,0,678,-24,187
8.915,310.78,250,0.0,0,-445,-8.865147694334349,366
8.933,264.72,250,0.0,0,-1258,3.962978014558953,268
8.949,32.87,250,0.0,0,-1698,14.24259001811425,37
8.961,-90.52,250,0.0,0,-365,23.94466879721205,143
8.974,-78.57,250,0.0,0,697,11.068785932958047,300
8.988,10.89,250,0.0,0,1677,-1.394502015296062,217
9.011,146.07,250,0.0,0,1972,-14.464146635664543,62
9.023,312.01,250,0.0,0,812,-20.563252889035066,132
9.039,299.35,250,0.0,0,-932,-10.529373536110004,284
9.064,185.97,250,0.0,0,-1877,9.798921643858117,195
9.076,-107.92,250,0.0,0,-2177,22.944563830434245,32
9.09,-222.01,250,0.0,0,-367,24,332
9.116,-197.57,250,0.0,0,955,13.72375060311548,303
9.133,31.99,250,0.0,0,2325,-1.9814301788380937,141
9.153,387.24,250,0.0,0,2762,-22.342349818395455,45
9.167,609.08,250,0.0,0,1231,-24,194
9.181,630.0,250,0.0,0,-617,-21.291865629210314,345
9.194,546.5,250,0.0,0,-1613,-0.4384670991772007,226
9.208,293.9,250,0.0,0,-2550,12.695984880286854,112
9.22,138.86,250,0.0,0,-1803,24,181
9.23,75.23,250,0.0,0,-525,23.03595644412295,405
9.249,88.41,250,0.0,0,801,9.597719945083778,321
9.262,257.69,250,0.0,0,2100,-5.929191402647336,168
9.277,406.75,250,0.0,0,2146,-24,11
9.303,522.59,250,0.0,0,919,-24,269
9.315,448.59000000000003,250,0.0,0,-1597,-15.972005164302427,227
9.326,242.05,250,0.0,0,-2437,14.46943260178701,129
9.346,59.23,250,0.0,0,-2795,24,88
9.356,-78.22,250,0.0,0,76,24,379
9.37,-17.92,250,0.0,0,1348,5.748393613059919,254
9.405,78.92,250,0.0,0,1966,-10.099091228271563,180
9.417,388.3,250,0.0,0,1675,-19.149174952729304,19
9.428,459.65999999999997,250,0.0,0,-274,-21.987239940268598,238
9.449,390.76,250,0.0,0,-1440,-0.9797940680929006,247
9.463,169.1,250,0.0,0,-2422,13.819778307080666,128
9.477,-4.21,250,0.0,0,-1649,24,148
9.498,-61.34,250,0.0,0,-89,24,411
9.51,99.31,250,0.0,0,1980,7.311529113272351,178
9.526,264.9,250,0.0,0,2506,-19.71753414044984,118
9.547,457.55,250,0.0,0,2307,-24,40
9.56,532.96,250,0.0,0,-835,-24,319
9.575,414.31,250,0.0,0,-1873,4.012162519917647,195
9.599,235.72,250,0.0,0,-2489,18.333300743068378,125
9.613,48.69,250,0.0,0,-846,24,202
9.623,90.52,250,0.0,0,1314,13.82414173203842,259
9.641,192.12,250,0.0,0,1966,-11.876059115111431,182
9.654,435.76,250,0.0,0,2516,-21.41311521584519,75
9.67,555.8199999999999,250,0.0,0,660,-24,403
9.69,544.39,250,0.0,0,-840,-13.654510707554419,318
9.698,298.12,250,0.0,0,-2349,3.8400885779477774,141
9.706,161.36,250,0.0,0,-2558,24,64
9.723,57.12,250,0.0,0,-1776,24,307
9.732,1.58,250,0.0,0,-478,24,471
9.744,63.98,250,0.0,0,1398,10.5299090682532,250
9.764,165.05,250,0.0,0,2012,-12.312465396116574,176
9.776,424.86,250,0.0,0,2227,-21.401466977211076,28
9.793,522.42,250,0.0,0,562,-24,402
9.817,502.90999999999997,250,0.0,0,-930,-11.858562199090082,306
9.83,261.91,250,0.0,0,-2343,5.7053909861532865,138
9.845,-4.21,250,0.0,0,-2540,24,27
9.868,-133.24,250,0.0,0,-1343,24,309
9.879,-122.69,250,0.0,0,1210,23.183722512401744,269
9.887,76.28,250,0.0,0,2292,-6.414525899500925,144
9.904,203.9,250,0.0,0,2601,-22.848688846595845,107
9.919,369.49,250,0.0,0,869,-24,275
9.928,377.75,250,0.0,0,-544,-12.332831442431768,363
9.942,292.67,250,0.0,0,-1600,3.766883521385114,225
9.956,169.45,250,0.0,0,-2003,17.624039923020046,95
9.964,34.27,250,0.0,0,-790,24,185
9.973,20.56,250,0.0,0,74,13.468400004876774,401
9.991,52.73,250,0.0,0,1021,3.7972791770645786,294
10.002,114.43,250,0.0,0,1522,-7.746662924222787,181
10.015,284.23,250,0.0,0,1269,-14.747512073003133,32
10.032,337.85,250,0.0,0,252,-15.231266924036342,237
10.042,274.04,250,0.0,0,-1354,-4.597146762008746,236
10.054,145.19,250,0.0,0,-2096,15.165690507286946,165
10.065,20.21,250,0.0,0,-1861,24,62
10.086,-46.4,250,0.0,0,-190,24,429
10.102,37.61,250,0.0,0,1544,8.176733819719713,231
10.116,262.44,250,0.0,0,2461,-13.463265085791667,123
10.14,424.51,250,0.0,0,2349,-24,26
10.151,525.41,250,0.0,0,-456,-24,312
10.164,391.28,250,0.0,0,-1876,-0.197961849026758,194
10.185,242.05,250,0.0,0,-2405,18.830032466299933,132
10.199,30.05,250,0.0,0,-1375,24,133
10.212,9.84,250,0.0,0,794,20.287903396133824,320
10.235,104.58,250,0.0,0,1733,-4.274919455768187,208
10.244,373.88,250,0.0,0,2618,-16.978257012773117,105
10.255,539.64,250,0.0,0,1231,-24,259
10.268,571.28,250,0.0,0,108,-19.901377077873786,423
10.287,504.49,250,0.0,0,-1398,-7.60780597826441,250
10.299,316.58,250,0.0,0,-2311,11.063127420092504,142
10.309,142.91,250,0.0,0,-2190,24,27
10.321,42.18,250,0.0,0,-563,24,363
10.341,44.64,250,0.0,0,573,10.697984600433509,347
10.349,209.0,250,0.0,0,2029,-2.4273828522775953,175
10.365,321.67,250,0.0,0,2146,-22.474561951042016,35
10.375,410.8,250,0.0,0,1520,-24,240
10.383,429.78,250,0.0,0,-947,-20.651730814292748,304
10.397,381.62,250,0.0,0,-1470,7.366127914652508,243
10.417,257.69,250,0.0,0,-2122,14.349369782478492,169
10.432,121.28,250,0.0,0,-185,24,212
10.444,159.78,250,0.0,0,1074,4.7647044781035595,258
10.456,308.49,250,0.0,0,2079,-10.497546388407788,169
10.473,426.09000000000003,250,0.0,0,1869,-24,58
10.489,510.28999999999996,250,0.0,0,-238,-24,252
10.507,438.92,250,0.0,0,-1453,-2.406098109252292,244
10.53,214.1,250,0.0,0,-2433,13.006786749459902,129
10.538,-58.88,250,0.0,0,-1474,24,89
10.548,-103.0,250,0.0,0,-487,23.2048411956927,410
